id,title,description,link,product_type,google_product_category,image_link,condition,availability,sale_price,price,mpn,brand,item_group_id
2078,"Lenço Poá - Champagne","Lenço, estampa em poá.    <strong>Medida:</strong>  70cm x 70cm    <strong>Composição:</strong>  100% Poliéster",https://www.folen.com.br/produto/lenco-poa-champagne/,ACESSÓRIOS>LENÇO,ACESSÓRIOS>LENÇO,https://www.folen.com.br/wp-content/uploads/2019/08/folen_Lenço_Póa_Champagne-1.png,new,"in stock",,"25.00 BRL",0.00,com,2078
1810,"Lenço Poá - Preto","Lenço, estampa em poá.    <strong>Medida:</strong>  70cm x 70cm    <strong>Composição:</strong>  100% Poliéster",https://www.folen.com.br/produto/lenco-poa-preto/,ACESSÓRIOS>LENÇO,ACESSÓRIOS>LENÇO,https://www.folen.com.br/wp-content/uploads/2019/08/folen_Lenço_Póa_Preto-1.png,new,"in stock",,"25.00 BRL",0.00,com,1810
1809,"Lenço Poá - Vermelho","Lenço, estampa em poá.    <strong>Medida:</strong>  70cm x 70cm    <strong>Composição:</strong>  100% Poliéster",https://www.folen.com.br/produto/lenco-poa-vermelho/,ACESSÓRIOS>LENÇO,ACESSÓRIOS>LENÇO,https://www.folen.com.br/wp-content/uploads/2019/08/folen_Lenço_Póa_Vermelho-1.png,new,"in stock",,"25.00 BRL",0.00,com,1809
1806,"Bolsa Bambu","Bolsa Bambu, com Botão de fechamento superior. Detalhe em Bambu na frete. Alça de ombro Couro.  **Não acompanha lenço**    <strong>Medida:</strong>  Diâmetro: 19cm | Largura: 6,5cm | Alça: 68cm    <strong>Composição:</strong>  Sintética",https://www.folen.com.br/produto/bolsa-bambu/,ACESSÓRIOS>BOLSA,ACESSÓRIOS>BOLSA,https://www.folen.com.br/wp-content/uploads/2019/08/bolsa_bambu_folen.png,new,"in stock",,"198.00 BRL",0.00,com,1806
1805,"Bolsa Palha - Camel","Bolsa Palha na cor Camel, com Botão frontal. Alça de ombro corrente na cor Grafite.    <strong>Medida:</strong>  Comprimento da base: 20cm | Largura: 6cm | Altura: 14cm | Alça: 65cm    <strong>Composição:</strong>  Sintético",https://www.folen.com.br/produto/bolsa-palha-camel/,ACESSÓRIOS>BOLSA,ACESSÓRIOS>BOLSA,https://www.folen.com.br/wp-content/uploads/2019/08/bolsa_palha_folen_3.png,new,"in stock",,"160.90 BRL",0.00,com,1805
1804,"Bolsa Palha - Preta","Bolsa Palha na cor Preta, com Botão frontal. Alça de ombro corrente na cor Grafite.    <strong>Medida:</strong>  Comprimento da base: 20cm | Largura: 6cm | Altura: 14cm | Alça: 65cm    <strong>Composição:</strong>  Sintético",https://www.folen.com.br/produto/bolsa-palha-grafite/,ACESSÓRIOS>BOLSA,ACESSÓRIOS>BOLSA,https://www.folen.com.br/wp-content/uploads/2019/08/bolsa_palha_petra_folen_4-3.png,new,"in stock",,"160.90 BRL",0.00,com,1804
1803,"Bolsa Mini - Preta","Bolsa Mini, com fecho frontal. Alça de mão e de ombro.  **Não acompanha lenço na alça**    <strong>Medida:</strong>  Comprimento da base: 19cm | Largura: 6cm | Altura: 13cm | Alça: 50cm    <strong>Composição:</strong>  100% PU  Forro:  100% Poliéster",https://www.folen.com.br/produto/bolsa-mini-preta/,ACESSÓRIOS>BOLSA,ACESSÓRIOS>BOLSA,https://www.folen.com.br/wp-content/uploads/2019/08/folen_Mini_Bolsa_Preta-2.png,new,"in stock",,"160.90 BRL",0.00,com,1803
1801,"Cinto Palha Etnico - Verde e Bege","Cinto Palha, com elasticidade. Fivela redonda.  **Tamanho único**",https://www.folen.com.br/produto/cinto-palha-etnia-verde-e-bege/,ACESSÓRIOS>CINTO,ACESSÓRIOS>CINTO,https://www.folen.com.br/wp-content/uploads/2019/08/folen_Cinto_Etnia_verde-2.png,new,"in stock",45.99BRL,"45.99 BRL",0.00,com,1801
1802,"Cinto Palha Etnico - Verde e Bege - Único","Cinto Palha, com elasticidade. Fivela redonda.  **Tamanho único**",https://www.folen.com.br/produto/cinto-palha-etnia-verde-e-bege/?attribute_pa_tamanho=unico,ACESSÓRIOS>CINTO,ACESSÓRIOS>CINTO,https://www.folen.com.br/wp-content/uploads/2019/08/folen_Cinto_Etnia_verde-2.png,new,"in stock",,"45.99 BRL",0.00,com,1801
1797,"Cinto Palha - Branco","Cinto Palha, com elasticidade. Fivela redonda.  **Tamanho único**",https://www.folen.com.br/produto/cinto-palha-branco/,ACESSÓRIOS>CINTO,ACESSÓRIOS>CINTO,https://www.folen.com.br/wp-content/uploads/2019/08/folen_Cinto_Palha_Branco-3.png,new,"in stock",34.90BRL,"34.90 BRL",0.00,com,1797
1800,"Cinto Palha - Branco - Único","Cinto Palha, com elasticidade. Fivela redonda.  **Tamanho único**",https://www.folen.com.br/produto/cinto-palha-branco/?attribute_pa_tamanho=unico,ACESSÓRIOS>CINTO,ACESSÓRIOS>CINTO,https://www.folen.com.br/wp-content/uploads/2019/08/folen_Cinto_Palha_Branco-3.png,new,"in stock",,"34.90 BRL",0.00,com,1797
1794,"Cinto Couro - Zebra - P","Cinto Couro pelo de Zebra. Fivela trabalhada.    <strong>Composição:</strong>  85% PVC  15% Poliéster",https://www.folen.com.br/produto/cinto-couro-zebra/?attribute_pa_tamanho=p,ACESSÓRIOS>CINTO,ACESSÓRIOS>CINTO,https://www.folen.com.br/wp-content/uploads/2019/08/folen_Cinto_Zebra_Folen-3.png,new,"in stock",,"103.00 BRL",0.00,com,1792
1792,"Cinto Couro - Zebra","Cinto Couro pelo de Zebra. Fivela trabalhada.    <strong>Composição:</strong>  85% PVC  15% Poliéster",https://www.folen.com.br/produto/cinto-couro-zebra/,ACESSÓRIOS>CINTO,ACESSÓRIOS>CINTO,https://www.folen.com.br/wp-content/uploads/2019/08/folen_Cinto_Zebra_Folen-3.png,new,"in stock",103.00BRL,"103.00 BRL",0.00,com,1792
1790,"Camisa Bolsos - Off White - M","Camisa com Bolsos Frontais, Abertura com Botões frontais e Costura na cor Camel.    <strong>Composição:</strong>  100% Poliéster",https://www.folen.com.br/produto/camisa-bolsos-off-white/?attribute_pa_tamanho=m,BLUSA>ROUPAS,BLUSA>ROUPAS,https://www.folen.com.br/wp-content/uploads/2019/08/FOLEN-STORE-IMAGENS-12.png,new,"in stock",,"179.90 BRL",0.00,com,1788
1788,"Camisa Bolsos - Off White","Camisa com Bolsos Frontais, Abertura com Botões frontais e Costura na cor Camel.    <strong>Composição:</strong>  100% Poliéster",https://www.folen.com.br/produto/camisa-bolsos-off-white/,BLUSA>ROUPAS,BLUSA>ROUPAS,https://www.folen.com.br/wp-content/uploads/2019/08/FOLEN-STORE-IMAGENS-12.png,new,"in stock",179.90BRL,"179.90 BRL",0.00,com,1788
1786,"Regata Tricô - Verde Menta - M","Regata Tricô sem Manga.    <strong>Composição:</strong>  77% viscose  23% Poliamida",https://www.folen.com.br/produto/regata-trico-verde-menta/?attribute_pa_tamanho=m,BLUSA>ROUPAS,BLUSA>ROUPAS,https://www.folen.com.br/wp-content/uploads/2019/08/FOLEN-STORE-IMAGENS-3.png,new,"in stock",,"159.90 BRL",0.00,com,1784
1787,"Regata Tricô - Verde Menta - G","Regata Tricô sem Manga.    <strong>Composição:</strong>  77% viscose  23% Poliamida",https://www.folen.com.br/produto/regata-trico-verde-menta/?attribute_pa_tamanho=g,BLUSA>ROUPAS,BLUSA>ROUPAS,https://www.folen.com.br/wp-content/uploads/2019/08/FOLEN-STORE-IMAGENS-3.png,new,"in stock",,"159.90 BRL",0.00,com,1784
1784,"Regata Tricô - Verde Menta","Regata Tricô sem Manga.    <strong>Composição:</strong>  77% viscose  23% Poliamida",https://www.folen.com.br/produto/regata-trico-verde-menta/,BLUSA>ROUPAS,BLUSA>ROUPAS,https://www.folen.com.br/wp-content/uploads/2019/08/FOLEN-STORE-IMAGENS-3.png,new,"in stock",159.90BRL,"159.90 BRL",0.00,com,1784
1783,"T-Shirt Coffee - Mescla - G","T-Shirt Coffe Podrinha, Decote em U.    <strong>Composição:</strong>  93% viscose  07% Elastano",https://www.folen.com.br/produto/t-shirt-coffee-mescla/?attribute_pa_tamanho=g,BLUSA>ROUPAS,BLUSA>ROUPAS,https://www.folen.com.br/wp-content/uploads/2019/08/FOLEN-STORE-IMAGENS-7.png,new,"out of stock",,"79.90 BRL",0.00,com,1780
1782,"T-Shirt Coffee - Mescla - M","T-Shirt Coffe Podrinha, Decote em U.    <strong>Composição:</strong>  93% viscose  07% Elastano",https://www.folen.com.br/produto/t-shirt-coffee-mescla/?attribute_pa_tamanho=m,BLUSA>ROUPAS,BLUSA>ROUPAS,https://www.folen.com.br/wp-content/uploads/2019/08/FOLEN-STORE-IMAGENS-7.png,new,"in stock",,"79.90 BRL",0.00,com,1780
1780,"T-Shirt Coffee - Mescla","T-Shirt Coffe Podrinha, Decote em U.    <strong>Composição:</strong>  93% viscose  07% Elastano",https://www.folen.com.br/produto/t-shirt-coffee-mescla/,BLUSA>ROUPAS,BLUSA>ROUPAS,https://www.folen.com.br/wp-content/uploads/2019/08/FOLEN-STORE-IMAGENS-7.png,new,"in stock",79.90BRL,"79.90 BRL",0.00,com,1780
1777,"Cropped Acetinado Botões - Mostarda - P","Cropped Acetinado, com detalhes em Botões frontais. Alça Finas Reguláveis.    <strong>Composição:</strong>  100% Poliéster",https://www.folen.com.br/produto/cropped-acetinado-botoes-mostarda/?attribute_pa_tamanho=p,BLUSA>ROUPAS,BLUSA>ROUPAS,https://www.folen.com.br/wp-content/uploads/2019/08/FOLEN-STORE-IMAGENS-15.png,new,"in stock",,"99.90 BRL",0.00,com,1776
1778,"Cropped Acetinado Botões - Mostarda - M","Cropped Acetinado, com detalhes em Botões frontais. Alça Finas Reguláveis.    <strong>Composição:</strong>  100% Poliéster",https://www.folen.com.br/produto/cropped-acetinado-botoes-mostarda/?attribute_pa_tamanho=m,BLUSA>ROUPAS,BLUSA>ROUPAS,https://www.folen.com.br/wp-content/uploads/2019/08/FOLEN-STORE-IMAGENS-15.png,new,"in stock",,"99.90 BRL",0.00,com,1776
1776,"Cropped Acetinado Botões - Mostarda","Cropped Acetinado, com detalhes em Botões frontais. Alça Finas Reguláveis.    <strong>Composição:</strong>  100% Poliéster",https://www.folen.com.br/produto/cropped-acetinado-botoes-mostarda/,BLUSA>ROUPAS,BLUSA>ROUPAS,https://www.folen.com.br/wp-content/uploads/2019/08/FOLEN-STORE-IMAGENS-15.png,new,"in stock",99.90BRL,"99.90 BRL",0.00,com,1776
1773,"Cropped Acetinado Botões - Rosa - P","Cropped Acetinado, com detalhes em Botões frontais. Alça Finas Reguláveis.    <strong>Composição:</strong>  100% Poliéster",https://www.folen.com.br/produto/cropped-acetinado-botoes-rosa/?attribute_pa_tamanho=p,BLUSA>ROUPAS,BLUSA>ROUPAS,https://www.folen.com.br/wp-content/uploads/2019/08/FOLEN-STORE-IMAGENS-1.png,new,"in stock",,"99.90 BRL",0.00,com,1772
1774,"Cropped Acetinado Botões - Rosa - M","Cropped Acetinado, com detalhes em Botões frontais. Alça Finas Reguláveis.    <strong>Composição:</strong>  100% Poliéster",https://www.folen.com.br/produto/cropped-acetinado-botoes-rosa/?attribute_pa_tamanho=m,BLUSA>ROUPAS,BLUSA>ROUPAS,https://www.folen.com.br/wp-content/uploads/2019/08/FOLEN-STORE-IMAGENS-1.png,new,"in stock",,"99.90 BRL",0.00,com,1772
1772,"Cropped Acetinado Botões - Rosa","Cropped Acetinado, com detalhes em Botões frontais. Alça Finas Reguláveis.    <strong>Composição:</strong>  100% Poliéster",https://www.folen.com.br/produto/cropped-acetinado-botoes-rosa/,BLUSA>ROUPAS,BLUSA>ROUPAS,https://www.folen.com.br/wp-content/uploads/2019/08/FOLEN-STORE-IMAGENS-1.png,new,"in stock",99.90BRL,"99.90 BRL",0.00,com,1772
1762,"Vestido Midi Navy - Estampado","Vestido Midi Navy Assimétrico, Estampado. Elástico posterior e cintura. Alça média.    <strong>Composição:</strong>  100% Viscose",https://www.folen.com.br/produto/vestido-midi-navy-estampado/,ROUPAS>VESTIDO,ROUPAS>VESTIDO,https://www.folen.com.br/wp-content/uploads/2019/07/Folen_0000_IMG_4824.PNG.png,new,"in stock",299.90BRL,"338.00 BRL",0.00,com,1762
1763,"Vestido Midi Navy - Estampado - P","Vestido Midi Navy Assimétrico, Estampado. Elástico posterior e cintura. Alça média.    <strong>Composição:</strong>  100% Viscose",https://www.folen.com.br/produto/vestido-midi-navy-estampado/?attribute_pa_tamanho=p,ROUPAS>VESTIDO,ROUPAS>VESTIDO,https://www.folen.com.br/wp-content/uploads/2019/07/Folen_0000_IMG_4824.PNG.png,new,"in stock",299.90BRL,"338.00 BRL",0.00,com,1762
1759,"T-Shirt Coração - Preta - P","T-Shirt Coração, em viscolinho. Decote em V.    <strong>Composição:</strong>  79% viscose  14% Linho  7% Elastano",https://www.folen.com.br/produto/t-shirt-coracao-preta/?attribute_pa_tamanho=p,BLUSA>ROUPAS,BLUSA>ROUPAS,https://www.folen.com.br/wp-content/uploads/2019/07/Folen_T-SHIRT-CORAÇÃO-PRETA-3.png,new,"in stock",,"118.00 BRL",0.00,com,1758
1758,"T-Shirt Coração - Preta","T-Shirt Coração, em viscolinho. Decote em V.    <strong>Composição:</strong>  79% viscose  14% Linho  7% Elastano",https://www.folen.com.br/produto/t-shirt-coracao-preta/,BLUSA>ROUPAS,BLUSA>ROUPAS,https://www.folen.com.br/wp-content/uploads/2019/07/Folen_T-SHIRT-CORAÇÃO-PRETA-3.png,new,"in stock",118.00BRL,"118.00 BRL",0.00,com,1758
1754,"T-Shirt Coração - Cru","T-Shirt Coração, em viscolinho. Decote em V.    <strong>Composição:</strong>  79% viscose  14% Linho  7% Elastano",https://www.folen.com.br/produto/t-shirt-coracao-cru/,BLUSA>ROUPAS,BLUSA>ROUPAS,https://www.folen.com.br/wp-content/uploads/2019/07/Folen_T-SHIRT-CORAÇÃO-BRANCA.png,new,"in stock",118.00BRL,"118.00 BRL",0.00,com,1754
1755,"T-Shirt Coração - Cru - P","T-Shirt Coração, em viscolinho. Decote em V.    <strong>Composição:</strong>  79% viscose  14% Linho  7% Elastano",https://www.folen.com.br/produto/t-shirt-coracao-cru/?attribute_pa_tamanho=p,BLUSA>ROUPAS,BLUSA>ROUPAS,https://www.folen.com.br/wp-content/uploads/2019/07/Folen_T-SHIRT-CORAÇÃO-BRANCA.png,new,"in stock",,"118.00 BRL",0.00,com,1754
1751,"T-Shirt - Ciao bella - P","T-Shirt Ciao Bella com Listras, Decote em U.    <strong>Composição:</strong>  49,5% viscose  47% Linho  3,5% Elastano",https://www.folen.com.br/produto/t-shirt-ciao-bella/?attribute_pa_tamanho=p,BLUSA>ROUPAS,BLUSA>ROUPAS,https://www.folen.com.br/wp-content/uploads/2019/07/Folen_T-SHIRT-CIAO-BELA.png,new,"in stock",,"138.00 BRL",0.00,com,1750
1752,"T-Shirt - Ciao bella - M","T-Shirt Ciao Bella com Listras, Decote em U.    <strong>Composição:</strong>  49,5% viscose  47% Linho  3,5% Elastano",https://www.folen.com.br/produto/t-shirt-ciao-bella/?attribute_pa_tamanho=m,BLUSA>ROUPAS,BLUSA>ROUPAS,https://www.folen.com.br/wp-content/uploads/2019/07/Folen_T-SHIRT-CIAO-BELA.png,new,"in stock",,"138.00 BRL",0.00,com,1750
1750,"T-Shirt - Ciao bella","T-Shirt Ciao Bella com Listras, Decote em U.    <strong>Composição:</strong>  49,5% viscose  47% Linho  3,5% Elastano",https://www.folen.com.br/produto/t-shirt-ciao-bella/,BLUSA>ROUPAS,BLUSA>ROUPAS,https://www.folen.com.br/wp-content/uploads/2019/07/Folen_T-SHIRT-CIAO-BELA.png,new,"in stock",138.00BRL,"138.00 BRL",0.00,com,1750
1749,"T-Shirt - Tie Dye - G","T-Shirt Podrinha, Decote em V.    <strong>Composição:</strong>  95,5% viscose  4,5% Elastano",https://www.folen.com.br/produto/t-shirt-tie-dye/?attribute_pa_tamanho=g,BLUSA>ROUPAS,BLUSA>ROUPAS,https://www.folen.com.br/wp-content/uploads/2019/08/FOLEN-STORE-IMAGENS-4.png,new,"in stock",,"118.00 BRL",0.00,com,1746
1746,"T-Shirt - Tie Dye","T-Shirt Podrinha, Decote em V.    <strong>Composição:</strong>  95,5% viscose  4,5% Elastano",https://www.folen.com.br/produto/t-shirt-tie-dye/,BLUSA>ROUPAS,BLUSA>ROUPAS,https://www.folen.com.br/wp-content/uploads/2019/08/FOLEN-STORE-IMAGENS-4.png,new,"in stock",118.00BRL,"118.00 BRL",0.00,com,1746
1747,"T-Shirt - Tie Dye - P","T-Shirt Podrinha, Decote em V.    <strong>Composição:</strong>  95,5% viscose  4,5% Elastano",https://www.folen.com.br/produto/t-shirt-tie-dye/?attribute_pa_tamanho=p,BLUSA>ROUPAS,BLUSA>ROUPAS,https://www.folen.com.br/wp-content/uploads/2019/08/FOLEN-STORE-IMAGENS-4.png,new,"in stock",,"118.00 BRL",0.00,com,1746
1748,"T-Shirt - Tie Dye - M","T-Shirt Podrinha, Decote em V.    <strong>Composição:</strong>  95,5% viscose  4,5% Elastano",https://www.folen.com.br/produto/t-shirt-tie-dye/?attribute_pa_tamanho=m,BLUSA>ROUPAS,BLUSA>ROUPAS,https://www.folen.com.br/wp-content/uploads/2019/08/FOLEN-STORE-IMAGENS-4.png,new,"in stock",,"118.00 BRL",0.00,com,1746
1742,"T-Shirt - Off White - P","T-Shirt Podrinha, Decote em V.    <strong>Composição:</strong>  95,5% viscose  4,5% Elastano",https://www.folen.com.br/produto/t-shirt-off-white/?attribute_pa_tamanho=p,BLUSA>ROUPAS,BLUSA>ROUPAS,https://www.folen.com.br/wp-content/uploads/2019/08/Folen_T-SHIRT-BÁSICA-OFF-WHITE.png,new,"in stock",,"98.00 BRL",0.00,com,1741
1743,"T-Shirt - Off White - M","T-Shirt Podrinha, Decote em V.    <strong>Composição:</strong>  95,5% viscose  4,5% Elastano",https://www.folen.com.br/produto/t-shirt-off-white/?attribute_pa_tamanho=m,BLUSA>ROUPAS,BLUSA>ROUPAS,https://www.folen.com.br/wp-content/uploads/2019/08/Folen_T-SHIRT-BÁSICA-OFF-WHITE.png,new,"in stock",,"98.00 BRL",0.00,com,1741
1741,"T-Shirt - Off White","T-Shirt Podrinha, Decote em V.    <strong>Composição:</strong>  95,5% viscose  4,5% Elastano",https://www.folen.com.br/produto/t-shirt-off-white/,BLUSA>ROUPAS,BLUSA>ROUPAS,https://www.folen.com.br/wp-content/uploads/2019/08/Folen_T-SHIRT-BÁSICA-OFF-WHITE.png,new,"in stock",98.00BRL,"98.00 BRL",0.00,com,1741
1744,"T-Shirt - Off White - G","T-Shirt Podrinha, Decote em V.    <strong>Composição:</strong>  95,5% viscose  4,5% Elastano",https://www.folen.com.br/produto/t-shirt-off-white/?attribute_pa_tamanho=g,BLUSA>ROUPAS,BLUSA>ROUPAS,https://www.folen.com.br/wp-content/uploads/2019/08/Folen_T-SHIRT-BÁSICA-OFF-WHITE.png,new,"in stock",,"98.00 BRL",0.00,com,1741
1736,"T-Shirt - Coral","T-Shirt Podrinha, Decote em V.  Não Acompanha o Cardigan.    <strong>Composição:</strong>  95,5% viscose  4,5% Elastano",https://www.folen.com.br/produto/t-shirt-coral/,BLUSA>ROUPAS,BLUSA>ROUPAS,https://www.folen.com.br/wp-content/uploads/2019/08/FOLEN-STORE-IMAGENS-2.png,new,"in stock",98.00BRL,"98.00 BRL",0.00,com,1736
1740,"T-Shirt - Coral - G","T-Shirt Podrinha, Decote em V.  Não Acompanha o Cardigan.    <strong>Composição:</strong>  95,5% viscose  4,5% Elastano",https://www.folen.com.br/produto/t-shirt-coral/?attribute_pa_tamanho=g,BLUSA>ROUPAS,BLUSA>ROUPAS,https://www.folen.com.br/wp-content/uploads/2019/08/FOLEN-STORE-IMAGENS-2.png,new,"in stock",,"98.00 BRL",0.00,com,1736
1738,"T-Shirt - Coral - P","T-Shirt Podrinha, Decote em V.  Não Acompanha o Cardigan.    <strong>Composição:</strong>  95,5% viscose  4,5% Elastano",https://www.folen.com.br/produto/t-shirt-coral/?attribute_pa_tamanho=p,BLUSA>ROUPAS,BLUSA>ROUPAS,https://www.folen.com.br/wp-content/uploads/2019/08/FOLEN-STORE-IMAGENS-2.png,new,"in stock",,"98.00 BRL",0.00,com,1736
1739,"T-Shirt - Coral - M","T-Shirt Podrinha, Decote em V.  Não Acompanha o Cardigan.    <strong>Composição:</strong>  95,5% viscose  4,5% Elastano",https://www.folen.com.br/produto/t-shirt-coral/?attribute_pa_tamanho=m,BLUSA>ROUPAS,BLUSA>ROUPAS,https://www.folen.com.br/wp-content/uploads/2019/08/FOLEN-STORE-IMAGENS-2.png,new,"in stock",,"98.00 BRL",0.00,com,1736
1734,"Short Paper Bag - Rosa - M","Short Paper Bag em tencel, Cós alto. Com amarração na cintura.    <strong>Composição:</strong>  93% Viscose  7% Poliamida",https://www.folen.com.br/produto/short-paper-bag-rosa/?attribute_pa_tamanho=m,ROUPAS>SHORT,ROUPAS>SHORT,https://www.folen.com.br/wp-content/uploads/2019/08/FOLEN-STORE-IMAGENS-13.png,new,"in stock",,"178.00 BRL",0.00,com,1732
1732,"Short Paper Bag - Rosa","Short Paper Bag em tencel, Cós alto. Com amarração na cintura.    <strong>Composição:</strong>  93% Viscose  7% Poliamida",https://www.folen.com.br/produto/short-paper-bag-rosa/,ROUPAS>SHORT,ROUPAS>SHORT,https://www.folen.com.br/wp-content/uploads/2019/08/FOLEN-STORE-IMAGENS-13.png,new,"in stock",178.00BRL,"178.00 BRL",0.00,com,1732
1728,"Short Paper Bag - Azul","Short Paper Bag em tencel, Cós alto. Com amarração na cintura.    <strong>Composição:</strong>  93% Viscose  7% Poliamida",https://www.folen.com.br/produto/short-paper-bag-azul/,ROUPAS>SHORT,ROUPAS>SHORT,https://www.folen.com.br/wp-content/uploads/2019/07/Folen_SHORT-CÓS-ALTO-AZUL.png,new,"in stock",178.00BRL,"178.00 BRL",0.00,com,1728
1729,"Short Paper Bag - Azul - P","Short Paper Bag em tencel, Cós alto. Com amarração na cintura.    <strong>Composição:</strong>  93% Viscose  7% Poliamida",https://www.folen.com.br/produto/short-paper-bag-azul/?attribute_pa_tamanho=p,ROUPAS>SHORT,ROUPAS>SHORT,https://www.folen.com.br/wp-content/uploads/2019/07/Folen_SHORT-CÓS-ALTO-AZUL.png,new,"in stock",,"178.00 BRL",0.00,com,1728
1730,"Short Paper Bag - Azul - M","Short Paper Bag em tencel, Cós alto. Com amarração na cintura.    <strong>Composição:</strong>  93% Viscose  7% Poliamida",https://www.folen.com.br/produto/short-paper-bag-azul/?attribute_pa_tamanho=m,ROUPAS>SHORT,ROUPAS>SHORT,https://www.folen.com.br/wp-content/uploads/2019/07/Folen_SHORT-CÓS-ALTO-AZUL.png,new,"in stock",,"178.00 BRL",0.00,com,1728
1719,"Saia Midi Assimétrica - Estampada - P","Saia Midi Babado na barra, com fechamento em Zíper posterior.    <strong>Composição:</strong>  100% Viscose",https://www.folen.com.br/produto/saia-midi-assimetrica-estampada/?attribute_pa_tamanho=p,ROUPAS>SAIA,ROUPAS>SAIA,https://www.folen.com.br/wp-content/uploads/2019/07/Folen_SAIA-MIDI-ESTAMPADA.png,new,"in stock",,"198.00 BRL",0.00,com,1718
1720,"Saia Midi Assimétrica - Estampada - M","Saia Midi Babado na barra, com fechamento em Zíper posterior.    <strong>Composição:</strong>  100% Viscose",https://www.folen.com.br/produto/saia-midi-assimetrica-estampada/?attribute_pa_tamanho=m,ROUPAS>SAIA,ROUPAS>SAIA,https://www.folen.com.br/wp-content/uploads/2019/07/Folen_SAIA-MIDI-ESTAMPADA.png,new,"in stock",,"198.00 BRL",0.00,com,1718
1721,"Saia Midi Assimétrica - Estampada - G","Saia Midi Babado na barra, com fechamento em Zíper posterior.    <strong>Composição:</strong>  100% Viscose",https://www.folen.com.br/produto/saia-midi-assimetrica-estampada/?attribute_pa_tamanho=g,ROUPAS>SAIA,ROUPAS>SAIA,https://www.folen.com.br/wp-content/uploads/2019/07/Folen_SAIA-MIDI-ESTAMPADA.png,new,"in stock",,"198.00 BRL",0.00,com,1718
1718,"Saia Midi Assimétrica - Estampada","Saia Midi Babado na barra, com fechamento em Zíper posterior.    <strong>Composição:</strong>  100% Viscose",https://www.folen.com.br/produto/saia-midi-assimetrica-estampada/,ROUPAS>SAIA,ROUPAS>SAIA,https://www.folen.com.br/wp-content/uploads/2019/07/Folen_SAIA-MIDI-ESTAMPADA.png,new,"in stock",198.00BRL,"198.00 BRL",0.00,com,1718
1713,"Saia Destroyed - Jeans","Saia Destroyed Jeans, Cós Alto com Zíper abertura frontal.    <strong>Composição:</strong>  100% Algodão    <strong>Prazo Postagem:</strong>  Até 2 dias úteis após a confirmação do pagamento",https://www.folen.com.br/produto/saia-destroyed-jeans/,ROUPAS>SAIA,ROUPAS>SAIA,https://www.folen.com.br/wp-content/uploads/2019/07/Folen_SAIA-DESTROYED-JEANS-2.png,new,"in stock",198.00BRL,"198.00 BRL",0.00,com,1713
1715,"Saia Destroyed - Jeans - P","Saia Destroyed Jeans, Cós Alto com Zíper abertura frontal.    <strong>Composição:</strong>  100% Algodão    <strong>Prazo Postagem:</strong>  Até 2 dias úteis após a confirmação do pagamento",https://www.folen.com.br/produto/saia-destroyed-jeans/?attribute_pa_tamanho=p,ROUPAS>SAIA,ROUPAS>SAIA,https://www.folen.com.br/wp-content/uploads/2019/07/Folen_SAIA-DESTROYED-JEANS-2.png,new,"in stock",,"198.00 BRL",0.00,com,1713
1716,"Saia Destroyed - Jeans - M","Saia Destroyed Jeans, Cós Alto com Zíper abertura frontal.    <strong>Composição:</strong>  100% Algodão    <strong>Prazo Postagem:</strong>  Até 2 dias úteis após a confirmação do pagamento",https://www.folen.com.br/produto/saia-destroyed-jeans/?attribute_pa_tamanho=m,ROUPAS>SAIA,ROUPAS>SAIA,https://www.folen.com.br/wp-content/uploads/2019/07/Folen_SAIA-DESTROYED-JEANS-2.png,new,"in stock",,"198.00 BRL",0.00,com,1713
1706,"Macacão Manga Bufante - Preto","Macacão Manga Bufante, decote em V. Decote em V posterior com amarração. Zíper invisível na lateral.  Acompanha o Cinto.    <strong>Composição:</strong>  100% Algodão",https://www.folen.com.br/produto/macacao-manga-princesa-preto/,MACACÃO>ROUPAS,MACACÃO>ROUPAS,https://www.folen.com.br/wp-content/uploads/2019/07/Folen-MACACÃO-PRINCESA-PRETO-2.png,new,"in stock",359.90BRL,"399.90 BRL",0.00,com,1706
1709,"Macacão Manga Bufante - Preto - P","Macacão Manga Bufante, decote em V. Decote em V posterior com amarração. Zíper invisível na lateral.  Acompanha o Cinto.    <strong>Composição:</strong>  100% Algodão",https://www.folen.com.br/produto/macacao-manga-princesa-preto/?attribute_pa_tamanho=p,MACACÃO>ROUPAS,MACACÃO>ROUPAS,https://www.folen.com.br/wp-content/uploads/2019/07/Folen-MACACÃO-PRINCESA-PRETO-2.png,new,"in stock",359.90BRL,"399.90 BRL",0.00,com,1706
1710,"Macacão Manga Bufante - Preto - M","Macacão Manga Bufante, decote em V. Decote em V posterior com amarração. Zíper invisível na lateral.  Acompanha o Cinto.    <strong>Composição:</strong>  100% Algodão",https://www.folen.com.br/produto/macacao-manga-princesa-preto/?attribute_pa_tamanho=m,MACACÃO>ROUPAS,MACACÃO>ROUPAS,https://www.folen.com.br/wp-content/uploads/2019/07/Folen-MACACÃO-PRINCESA-PRETO-2.png,new,"in stock",359.90BRL,"399.90 BRL",0.00,com,1706
1704,"Regata de Couro - Branca - M","Regata de Couro Ecológico, viscose com zíper na parte posterior. Alças Finas Reguláveis.    <strong>Composição:</strong>  Tecido 1:  100% Poliéster  Tecido 2:  94% Viscose  6% Elastano",https://www.folen.com.br/produto/regata-de-couro-branca/?attribute_pa_tamanho=m,BLUSA>ROUPAS,BLUSA>ROUPAS,https://www.folen.com.br/wp-content/uploads/2019/07/Folen-REGATA-COURO-BRANCA-2.png,new,"in stock",,"139.90 BRL",0.00,com,1702
1702,"Regata de Couro - Branca","Regata de Couro Ecológico, viscose com zíper na parte posterior. Alças Finas Reguláveis.    <strong>Composição:</strong>  Tecido 1:  100% Poliéster  Tecido 2:  94% Viscose  6% Elastano",https://www.folen.com.br/produto/regata-de-couro-branca/,BLUSA>ROUPAS,BLUSA>ROUPAS,https://www.folen.com.br/wp-content/uploads/2019/07/Folen-REGATA-COURO-BRANCA-2.png,new,"in stock",139.90BRL,"139.90 BRL",0.00,com,1702
1703,"Regata de Couro - Branca - P","Regata de Couro Ecológico, viscose com zíper na parte posterior. Alças Finas Reguláveis.    <strong>Composição:</strong>  Tecido 1:  100% Poliéster  Tecido 2:  94% Viscose  6% Elastano",https://www.folen.com.br/produto/regata-de-couro-branca/?attribute_pa_tamanho=p,BLUSA>ROUPAS,BLUSA>ROUPAS,https://www.folen.com.br/wp-content/uploads/2019/07/Folen-REGATA-COURO-BRANCA-2.png,new,"in stock",,"139.90 BRL",0.00,com,1702
1700,"Saia de Couro - Rose - M","Saia de Couro Ecológico, detalhes Bolsos e Botões frontais.    <strong>Composição:</strong>  100% Poliéster",https://www.folen.com.br/produto/saia-de-couro-rose/?attribute_pa_tamanho=m,ROUPAS>SAIA,ROUPAS>SAIA,https://www.folen.com.br/wp-content/uploads/2019/07/Folen-SAIA-BOTÕES-COURO-ROSE.png,new,"in stock",159.90BRL,"199.90 BRL",0.00,com,1698
1698,"Saia de Couro - Rose","Saia de Couro Ecológico, detalhes Bolsos e Botões frontais.    <strong>Composição:</strong>  100% Poliéster",https://www.folen.com.br/produto/saia-de-couro-rose/,ROUPAS>SAIA,ROUPAS>SAIA,https://www.folen.com.br/wp-content/uploads/2019/07/Folen-SAIA-BOTÕES-COURO-ROSE.png,new,"in stock",159.90BRL,"199.90 BRL",0.00,com,1698
1695,"Saia de Couro - Grafite - P","Saia de Couro Ecológico, detalhes Bolsos e Botões frontais.    <strong>Composição:</strong>  100% Poliéster",https://www.folen.com.br/produto/saia-de-couro-grafite/?attribute_pa_tamanho=p,ROUPAS>SAIA,ROUPAS>SAIA,https://www.folen.com.br/wp-content/uploads/2019/07/Folen_0023_Curvas-1.png,new,"in stock",159.90BRL,"199.90 BRL",0.00,com,1694
1694,"Saia de Couro - Grafite","Saia de Couro Ecológico, detalhes Bolsos e Botões frontais.    <strong>Composição:</strong>  100% Poliéster",https://www.folen.com.br/produto/saia-de-couro-grafite/,ROUPAS>SAIA,ROUPAS>SAIA,https://www.folen.com.br/wp-content/uploads/2019/07/Folen_0023_Curvas-1.png,new,"in stock",159.90BRL,"199.90 BRL",0.00,com,1694
1689,"Saia de Couro - Verde Lima","Saia de Couro Ecológico, detalhes Bolsos e Botões frontais.    <strong>Composição:</strong>  100% Poliéster",https://www.folen.com.br/produto/saia-de-couro-verde-lima/,ROUPAS>SAIA,ROUPAS>SAIA,https://www.folen.com.br/wp-content/uploads/2019/08/FOLEN-STORE-IMAGENS-10.png,new,"in stock",159.90BRL,"199.90 BRL",0.00,com,1689
1691,"Saia de Couro - Verde Lima - P","Saia de Couro Ecológico, detalhes Bolsos e Botões frontais.    <strong>Composição:</strong>  100% Poliéster",https://www.folen.com.br/produto/saia-de-couro-verde-lima/?attribute_pa_tamanho=p,ROUPAS>SAIA,ROUPAS>SAIA,https://www.folen.com.br/wp-content/uploads/2019/08/FOLEN-STORE-IMAGENS-10.png,new,"in stock",159.90BRL,"199.90 BRL",0.00,com,1689
1686,"Blusa Nati Botões - Vermelha","Blusa Cropped, decote em V. Com Botões frontais, manga longa com elástico nos punhos.    <strong>Composição:</strong>  100% Poliéster",https://www.folen.com.br/produto/blusa-nati-botoes-vermelha/,BLUSA>ROUPAS,BLUSA>ROUPAS,https://www.folen.com.br/wp-content/uploads/2019/07/Folen-_BLUSA-NATI-VERMELHA-2.png,new,"in stock",159.90BRL,"159.90 BRL",0.00,com,1686
1688,"Blusa Nati Botões - Vermelha - Único","Blusa Cropped, decote em V. Com Botões frontais, manga longa com elástico nos punhos.    <strong>Composição:</strong>  100% Poliéster",https://www.folen.com.br/produto/blusa-nati-botoes-vermelha/?attribute_pa_tamanho=unico,BLUSA>ROUPAS,BLUSA>ROUPAS,https://www.folen.com.br/wp-content/uploads/2019/07/Folen-_BLUSA-NATI-VERMELHA-2.png,new,"in stock",,"159.90 BRL",0.00,com,1686
1683,"Cropped c/ detalhe Cruzado - Preto - P","Cropped Podrinho, com detalhe cruzado no busto.    <strong>Composição:</strong>  55% Poliéster  45% Viscose",https://www.folen.com.br/produto/cropped-c-detalhe-cruzado-preto-2/?attribute_pa_tamanho=p,BLUSA>ROUPAS,BLUSA>ROUPAS,https://www.folen.com.br/wp-content/uploads/2019/07/Folen-CROPPED-PRETO-2.png,new,"in stock",,"59.90 BRL",0.00,com,1682
1684,"Cropped c/ detalhe Cruzado - Preto - M","Cropped Podrinho, com detalhe cruzado no busto.    <strong>Composição:</strong>  55% Poliéster  45% Viscose",https://www.folen.com.br/produto/cropped-c-detalhe-cruzado-preto-2/?attribute_pa_tamanho=m,BLUSA>ROUPAS,BLUSA>ROUPAS,https://www.folen.com.br/wp-content/uploads/2019/07/Folen-CROPPED-PRETO-2.png,new,"in stock",,"59.90 BRL",0.00,com,1682
1682,"Cropped c/ detalhe Cruzado - Preto","Cropped Podrinho, com detalhe cruzado no busto.    <strong>Composição:</strong>  55% Poliéster  45% Viscose",https://www.folen.com.br/produto/cropped-c-detalhe-cruzado-preto-2/,BLUSA>ROUPAS,BLUSA>ROUPAS,https://www.folen.com.br/wp-content/uploads/2019/07/Folen-CROPPED-PRETO-2.png,new,"in stock",59.90BRL,"59.90 BRL",0.00,com,1682
1679,"Cropped c/ detalhe Cruzado - Off White - P","Cropped Podrinho, com detalhe cruzado no busto.    <strong>Composição:</strong>  55% Poliéster  45% Viscose",https://www.folen.com.br/produto/cropped-c-detalhe-cruzado-off-white/?attribute_pa_tamanho=p,BLUSA>ROUPAS,BLUSA>ROUPAS,https://www.folen.com.br/wp-content/uploads/2019/07/cropped-off-white.png,new,"in stock",,"59.90 BRL",0.00,com,1678
1680,"Cropped c/ detalhe Cruzado - Off White - M","Cropped Podrinho, com detalhe cruzado no busto.    <strong>Composição:</strong>  55% Poliéster  45% Viscose",https://www.folen.com.br/produto/cropped-c-detalhe-cruzado-off-white/?attribute_pa_tamanho=m,BLUSA>ROUPAS,BLUSA>ROUPAS,https://www.folen.com.br/wp-content/uploads/2019/07/cropped-off-white.png,new,"in stock",,"59.90 BRL",0.00,com,1678
1678,"Cropped c/ detalhe Cruzado - Off White","Cropped Podrinho, com detalhe cruzado no busto.    <strong>Composição:</strong>  55% Poliéster  45% Viscose",https://www.folen.com.br/produto/cropped-c-detalhe-cruzado-off-white/,BLUSA>ROUPAS,BLUSA>ROUPAS,https://www.folen.com.br/wp-content/uploads/2019/07/cropped-off-white.png,new,"in stock",59.90BRL,"59.90 BRL",0.00,com,1678
1674,"Cropped c/ detalhe Cruzado - Rosa","Cropped Podrinho, com detalhe cruzado no busto.    <strong>Composição:</strong>  55% Poliéster  45% Viscose",https://www.folen.com.br/produto/cropped-c-detalhe-cruzado-preto/,BLUSA>ROUPAS,BLUSA>ROUPAS,https://www.folen.com.br/wp-content/uploads/2019/08/FOLEN-STORE-IMAGENS-14.png,new,"in stock",59.90BRL,"59.90 BRL",0.00,com,1674
1676,"Cropped c/ detalhe Cruzado - Rosa - M","Cropped Podrinho, com detalhe cruzado no busto.    <strong>Composição:</strong>  55% Poliéster  45% Viscose",https://www.folen.com.br/produto/cropped-c-detalhe-cruzado-preto/?attribute_pa_tamanho=m,BLUSA>ROUPAS,BLUSA>ROUPAS,https://www.folen.com.br/wp-content/uploads/2019/08/FOLEN-STORE-IMAGENS-14.png,new,"in stock",,"59.90 BRL",0.00,com,1674
1672,"Body c/ Transparência Poá - Preto - M","Body com Transparência em Tule, gola alta, manga longa e punhos com elástico, possui fecho entre as pernas.  Não acompanha o top.    <strong>Composição:</strong>  55% Poliéster  42% Viscose  3% Elastano",https://www.folen.com.br/produto/body-c-transparencia-poa-preto/?attribute_pa_tamanho=m,BLUSA>ROUPAS,BLUSA>ROUPAS,https://www.folen.com.br/wp-content/uploads/2019/07/Folen-BODY-TRANSPARÊNCIA-COM-CORAÇÃO-PRETO-1.png,new,"in stock",169.90BRL,"199.90 BRL",0.00,com,1670
1670,"Body c/ Transparência Poá - Preto","Body com Transparência em Tule, gola alta, manga longa e punhos com elástico, possui fecho entre as pernas.  Não acompanha o top.    <strong>Composição:</strong>  55% Poliéster  42% Viscose  3% Elastano",https://www.folen.com.br/produto/body-c-transparencia-poa-preto/,BLUSA>ROUPAS,BLUSA>ROUPAS,https://www.folen.com.br/wp-content/uploads/2019/07/Folen-BODY-TRANSPARÊNCIA-COM-CORAÇÃO-PRETO-1.png,new,"in stock",169.90BRL,"199.90 BRL",0.00,com,1670
1666,"Body c/ Transparência Coração - Preto","Body com Transparência em Tule, gola alta, manga longa e punhos com elástico, possui fecho entre as pernas.  Top não acompanha a peça.    <strong>Composição:</strong>  55% Poliéster  42% Viscose  3% Elastano",https://www.folen.com.br/produto/body-c-transparencia-coracao/,BLUSA>ROUPAS,BLUSA>ROUPAS,https://www.folen.com.br/wp-content/uploads/2019/07/Folen-BODY-TRANSPARÊNCIA-COM-CORAÇÃO-PRETO-2.png,new,"in stock",169.90BRL,"199.90 BRL",0.00,com,1666
1667,"Body c/ Transparência Coração - Preto - P","Body com Transparência em Tule, gola alta, manga longa e punhos com elástico, possui fecho entre as pernas.  Top não acompanha a peça.    <strong>Composição:</strong>  55% Poliéster  42% Viscose  3% Elastano",https://www.folen.com.br/produto/body-c-transparencia-coracao/?attribute_pa_tamanho=p,BLUSA>ROUPAS,BLUSA>ROUPAS,https://www.folen.com.br/wp-content/uploads/2019/07/Folen-BODY-TRANSPARÊNCIA-COM-CORAÇÃO-PRETO-2.png,new,"in stock",169.90BRL,"199.90 BRL",0.00,com,1666
1668,"Body c/ Transparência Coração - Preto - M","Body com Transparência em Tule, gola alta, manga longa e punhos com elástico, possui fecho entre as pernas.  Top não acompanha a peça.    <strong>Composição:</strong>  55% Poliéster  42% Viscose  3% Elastano",https://www.folen.com.br/produto/body-c-transparencia-coracao/?attribute_pa_tamanho=m,BLUSA>ROUPAS,BLUSA>ROUPAS,https://www.folen.com.br/wp-content/uploads/2019/07/Folen-BODY-TRANSPARÊNCIA-COM-CORAÇÃO-PRETO-2.png,new,"in stock",169.90BRL,"199.90 BRL",0.00,com,1666
1663,"Saia Longa Botões - Azul Claro - P","Saia Longa Cós alto, fechamento com Botões frontais.    <strong>Composição:</strong>  55% Poliéster  42% Viscose  3% Elastano",https://www.folen.com.br/produto/saia-longa-botoes-azul/?attribute_pa_tamanho=p,ROUPAS>SAIA,ROUPAS>SAIA,https://www.folen.com.br/wp-content/uploads/2019/08/FOLEN-STORE-IMAGENS-9.png,new,"in stock",259.90BRL,"279.90 BRL",0.00,com,1662
1664,"Saia Longa Botões - Azul Claro - M","Saia Longa Cós alto, fechamento com Botões frontais.    <strong>Composição:</strong>  55% Poliéster  42% Viscose  3% Elastano",https://www.folen.com.br/produto/saia-longa-botoes-azul/?attribute_pa_tamanho=m,ROUPAS>SAIA,ROUPAS>SAIA,https://www.folen.com.br/wp-content/uploads/2019/08/FOLEN-STORE-IMAGENS-9.png,new,"in stock",259.90BRL,"279.90 BRL",0.00,com,1662
1662,"Saia Longa Botões - Azul Claro","Saia Longa Cós alto, fechamento com Botões frontais.    <strong>Composição:</strong>  55% Poliéster  42% Viscose  3% Elastano",https://www.folen.com.br/produto/saia-longa-botoes-azul/,ROUPAS>SAIA,ROUPAS>SAIA,https://www.folen.com.br/wp-content/uploads/2019/08/FOLEN-STORE-IMAGENS-9.png,new,"in stock",259.90BRL,"279.90 BRL",0.00,com,1662
1658,"Regata de Couro - Preta - P","Regata de Couro Ecológico, viscose com zíper na parte posterior. Alças Finas Reguláveis.    <strong>Composição:</strong>  Tecido 1:  100% Poliéster  Tecido 2:  94% Viscose  6% Elastano",https://www.folen.com.br/produto/regata-de-couro-preta/?attribute_pa_tamanho=p,BLUSA>ROUPAS,BLUSA>ROUPAS,https://www.folen.com.br/wp-content/uploads/2019/08/FOLEN-STORE-IMAGENS-10.png,new,"in stock",,"139.90 BRL",0.00,com,1657
1659,"Regata de Couro - Preta - M","Regata de Couro Ecológico, viscose com zíper na parte posterior. Alças Finas Reguláveis.    <strong>Composição:</strong>  Tecido 1:  100% Poliéster  Tecido 2:  94% Viscose  6% Elastano",https://www.folen.com.br/produto/regata-de-couro-preta/?attribute_pa_tamanho=m,BLUSA>ROUPAS,BLUSA>ROUPAS,https://www.folen.com.br/wp-content/uploads/2019/08/FOLEN-STORE-IMAGENS-10.png,new,"in stock",,"139.90 BRL",0.00,com,1657
1657,"Regata de Couro - Preta","Regata de Couro Ecológico, viscose com zíper na parte posterior. Alças Finas Reguláveis.    <strong>Composição:</strong>  Tecido 1:  100% Poliéster  Tecido 2:  94% Viscose  6% Elastano",https://www.folen.com.br/produto/regata-de-couro-preta/,BLUSA>ROUPAS,BLUSA>ROUPAS,https://www.folen.com.br/wp-content/uploads/2019/08/FOLEN-STORE-IMAGENS-10.png,new,"in stock",139.90BRL,"139.90 BRL",0.00,com,1657
1653,"Saia Midi Acetinada c/ Amarração - Preta","Saia Acetinada com forro, detalhe em Amarração na cintura e fenda interna. Modelagem justa. Possui elástico.    <strong>Composição:</strong>  50% Poliéster  42% Viscose  8% Elastano  Forro:  100% Poliéster",https://www.folen.com.br/produto/saia-midi-acetinada-c-amarracao-preta/,ROUPAS>SAIA,ROUPAS>SAIA,https://www.folen.com.br/wp-content/uploads/2019/08/FOLEN-STORE-IMAGENS-8.png,new,"in stock",166.00BRL,"166.00 BRL",0.00,com,1653
1655,"Saia Midi Acetinada c/ Amarração - Preta - M","Saia Acetinada com forro, detalhe em Amarração na cintura e fenda interna. Modelagem justa. Possui elástico.    <strong>Composição:</strong>  50% Poliéster  42% Viscose  8% Elastano  Forro:  100% Poliéster",https://www.folen.com.br/produto/saia-midi-acetinada-c-amarracao-preta/?attribute_pa_tamanho=m,ROUPAS>SAIA,ROUPAS>SAIA,https://www.folen.com.br/wp-content/uploads/2019/08/FOLEN-STORE-IMAGENS-8.png,new,"in stock",,"166.00 BRL",0.00,com,1653
1649,"Calça SK Cirrê c/ Ilhós Cós e Zíper Lateral - Verde","Calça Skinny Cirrê, com Ilhós no cós e detalhe em Zíper na lateral inferior. Modelagem justa. Possui elástico.    <strong>Composição:</strong>  84% Poliamida  16% Elastano",https://www.folen.com.br/produto/calca-sk-cirre-c-ilhos-cos-e-ziper-lateral-verde/,CALÇA>ROUPAS,CALÇA>ROUPAS,https://www.folen.com.br/wp-content/uploads/2019/08/FOLEN-STORE-IMAGENS-5.png,new,"in stock",158.00BRL,"158.00 BRL",0.00,com,1649
1651,"Calça SK Cirrê c/ Ilhós Cós e Zíper Lateral - Verde - M","Calça Skinny Cirrê, com Ilhós no cós e detalhe em Zíper na lateral inferior. Modelagem justa. Possui elástico.    <strong>Composição:</strong>  84% Poliamida  16% Elastano",https://www.folen.com.br/produto/calca-sk-cirre-c-ilhos-cos-e-ziper-lateral-verde/?attribute_pa_tamanho=m,CALÇA>ROUPAS,CALÇA>ROUPAS,https://www.folen.com.br/wp-content/uploads/2019/08/FOLEN-STORE-IMAGENS-5.png,new,"in stock",,"158.00 BRL",0.00,com,1649
1646,"Calça SK Cirrê c/ Ilhós Cós e Zíper Lateral - Preta - P","Calça Skinny Cirrê, com Ilhós no cós e detalhe em Zíper na lateral inferior. Modelagem justa. Possui elástico.    <strong>Composição:</strong>  84% Poliamida  16% Elastano",https://www.folen.com.br/produto/calca-sk-cirre-c-ilhos-e-ziper-na-lateral-preta/?attribute_pa_tamanho=p,CALÇA>ROUPAS,CALÇA>ROUPAS,https://www.folen.com.br/wp-content/uploads/2019/08/FOLEN-STORE-IMAGENS-2.png,new,"in stock",,"158.00 BRL",0.00,com,1645
1647,"Calça SK Cirrê c/ Ilhós Cós e Zíper Lateral - Preta - M","Calça Skinny Cirrê, com Ilhós no cós e detalhe em Zíper na lateral inferior. Modelagem justa. Possui elástico.    <strong>Composição:</strong>  84% Poliamida  16% Elastano",https://www.folen.com.br/produto/calca-sk-cirre-c-ilhos-e-ziper-na-lateral-preta/?attribute_pa_tamanho=m,CALÇA>ROUPAS,CALÇA>ROUPAS,https://www.folen.com.br/wp-content/uploads/2019/08/FOLEN-STORE-IMAGENS-2.png,new,"in stock",,"158.00 BRL",0.00,com,1645
1645,"Calça SK Cirrê c/ Ilhós Cós e Zíper Lateral - Preta","Calça Skinny Cirrê, com Ilhós no cós e detalhe em Zíper na lateral inferior. Modelagem justa. Possui elástico.    <strong>Composição:</strong>  84% Poliamida  16% Elastano",https://www.folen.com.br/produto/calca-sk-cirre-c-ilhos-e-ziper-na-lateral-preta/,CALÇA>ROUPAS,CALÇA>ROUPAS,https://www.folen.com.br/wp-content/uploads/2019/08/FOLEN-STORE-IMAGENS-2.png,new,"in stock",158.00BRL,"158.00 BRL",0.00,com,1645
1641,"Calça Cirrê c/ Botões na Lateral - Bicolor","Calça Cirrê, com abertura em botões na lateral inferior. Modelagem justa. Possui elástico.    <strong>Composição:</strong>  84% Poliamida  16% Elastano",https://www.folen.com.br/produto/calca-cirre-c-botoes-na-lateral-preta-branca/,CALÇA>ROUPAS,CALÇA>ROUPAS,https://www.folen.com.br/wp-content/uploads/2019/08/FOLEN-STORE-IMAGENS-6.png,new,"in stock",186.00BRL,"186.00 BRL",0.00,com,1641
1642,"Calça Cirrê c/ Botões na Lateral - Bicolor - P","Calça Cirrê, com abertura em botões na lateral inferior. Modelagem justa. Possui elástico.    <strong>Composição:</strong>  84% Poliamida  16% Elastano",https://www.folen.com.br/produto/calca-cirre-c-botoes-na-lateral-preta-branca/?attribute_pa_tamanho=p,CALÇA>ROUPAS,CALÇA>ROUPAS,https://www.folen.com.br/wp-content/uploads/2019/08/FOLEN-STORE-IMAGENS-6.png,new,"in stock",,"186.00 BRL",0.00,com,1641
1643,"Calça Cirrê c/ Botões na Lateral - Bicolor - M","Calça Cirrê, com abertura em botões na lateral inferior. Modelagem justa. Possui elástico.    <strong>Composição:</strong>  84% Poliamida  16% Elastano",https://www.folen.com.br/produto/calca-cirre-c-botoes-na-lateral-preta-branca/?attribute_pa_tamanho=m,CALÇA>ROUPAS,CALÇA>ROUPAS,https://www.folen.com.br/wp-content/uploads/2019/08/FOLEN-STORE-IMAGENS-6.png,new,"in stock",,"186.00 BRL",0.00,com,1641
1638,"Calça Cirrê c/ Botões na Lateral - Preta - P","Calça Cirrê, com abertura em botões na lateral inferior. Modelagem justa. Possui elástico.    <strong>Composição:</strong>  84% Poliamida  16% Elastano",https://www.folen.com.br/produto/calca-cirre-com-botoes-na-lateral-preta/?attribute_pa_tamanho=p,CALÇA>ROUPAS,CALÇA>ROUPAS,https://www.folen.com.br/wp-content/uploads/2019/07/Calça-Botões-Preta-2.png,new,"in stock",,"186.00 BRL",0.00,com,1637
1639,"Calça Cirrê c/ Botões na Lateral - Preta - M","Calça Cirrê, com abertura em botões na lateral inferior. Modelagem justa. Possui elástico.    <strong>Composição:</strong>  84% Poliamida  16% Elastano",https://www.folen.com.br/produto/calca-cirre-com-botoes-na-lateral-preta/?attribute_pa_tamanho=m,CALÇA>ROUPAS,CALÇA>ROUPAS,https://www.folen.com.br/wp-content/uploads/2019/07/Calça-Botões-Preta-2.png,new,"in stock",,"186.00 BRL",0.00,com,1637
1637,"Calça Cirrê c/ Botões na Lateral - Preta","Calça Cirrê, com abertura em botões na lateral inferior. Modelagem justa. Possui elástico.    <strong>Composição:</strong>  84% Poliamida  16% Elastano",https://www.folen.com.br/produto/calca-cirre-com-botoes-na-lateral-preta/,CALÇA>ROUPAS,CALÇA>ROUPAS,https://www.folen.com.br/wp-content/uploads/2019/07/Calça-Botões-Preta-2.png,new,"in stock",186.00BRL,"186.00 BRL",0.00,com,1637
1636,"Calça Skinny c/ Zíper na Lateral - Azul - G","Calça Skinny Basic, com detalhe em zíper na lateral inferior. Modelagem justa. Possui elástico.    <strong>Composição:</strong>  84% Poliamida  16% Elastano",https://www.folen.com.br/produto/calca-skinny-basic-com-ziper-na-lateral-azul/?attribute_pa_tamanho=g,CALÇA>ROUPAS,CALÇA>ROUPAS,https://www.folen.com.br/wp-content/uploads/2019/08/FOLEN-STORE-IMAGENS-11.png,new,"in stock",,"178.00 BRL",0.00,com,1633
1633,"Calça Skinny c/ Zíper na Lateral - Azul","Calça Skinny Basic, com detalhe em zíper na lateral inferior. Modelagem justa. Possui elástico.    <strong>Composição:</strong>  84% Poliamida  16% Elastano",https://www.folen.com.br/produto/calca-skinny-basic-com-ziper-na-lateral-azul/,CALÇA>ROUPAS,CALÇA>ROUPAS,https://www.folen.com.br/wp-content/uploads/2019/08/FOLEN-STORE-IMAGENS-11.png,new,"in stock",178.00BRL,"178.00 BRL",0.00,com,1633
1634,"Calça Skinny c/ Zíper na Lateral - Azul - P","Calça Skinny Basic, com detalhe em zíper na lateral inferior. Modelagem justa. Possui elástico.    <strong>Composição:</strong>  84% Poliamida  16% Elastano",https://www.folen.com.br/produto/calca-skinny-basic-com-ziper-na-lateral-azul/?attribute_pa_tamanho=p,CALÇA>ROUPAS,CALÇA>ROUPAS,https://www.folen.com.br/wp-content/uploads/2019/08/FOLEN-STORE-IMAGENS-11.png,new,"in stock",,"178.00 BRL",0.00,com,1633
1631,"Calça Flare Sculpy c/ Botões - Vinho - M","Calça Flare Sculpy, com detalhe em botões na parte inferior. Modelagem justa. Possui elástico.    <strong>Composição:</strong>  88% Poliamida  12% Elastano",https://www.folen.com.br/produto/calca-flare-sculpy-botoes-vinho/?attribute_pa_tamanho=m,CALÇA>ROUPAS,CALÇA>ROUPAS,https://www.folen.com.br/wp-content/uploads/2019/08/FOLEN-STORE-IMAGENS-4.png,new,"in stock",,"238.00 BRL",0.00,com,1629
1632,"Calça Flare Sculpy c/ Botões - Vinho - G","Calça Flare Sculpy, com detalhe em botões na parte inferior. Modelagem justa. Possui elástico.    <strong>Composição:</strong>  88% Poliamida  12% Elastano",https://www.folen.com.br/produto/calca-flare-sculpy-botoes-vinho/?attribute_pa_tamanho=g,CALÇA>ROUPAS,CALÇA>ROUPAS,https://www.folen.com.br/wp-content/uploads/2019/08/FOLEN-STORE-IMAGENS-4.png,new,"in stock",,"238.00 BRL",0.00,com,1629
1630,"Calça Flare Sculpy c/ Botões - Vinho - P","Calça Flare Sculpy, com detalhe em botões na parte inferior. Modelagem justa. Possui elástico.    <strong>Composição:</strong>  88% Poliamida  12% Elastano",https://www.folen.com.br/produto/calca-flare-sculpy-botoes-vinho/?attribute_pa_tamanho=p,CALÇA>ROUPAS,CALÇA>ROUPAS,https://www.folen.com.br/wp-content/uploads/2019/08/FOLEN-STORE-IMAGENS-4.png,new,"in stock",,"238.00 BRL",0.00,com,1629
1629,"Calça Flare Sculpy c/ Botões - Vinho","Calça Flare Sculpy, com detalhe em botões na parte inferior. Modelagem justa. Possui elástico.    <strong>Composição:</strong>  88% Poliamida  12% Elastano",https://www.folen.com.br/produto/calca-flare-sculpy-botoes-vinho/,CALÇA>ROUPAS,CALÇA>ROUPAS,https://www.folen.com.br/wp-content/uploads/2019/08/FOLEN-STORE-IMAGENS-4.png,new,"in stock",238.00BRL,"238.00 BRL",0.00,com,1629
1624,"Calça Flare Sculpy c/ Botões - Verde","Calça Flare Sculpy, com detalhe em botões na parte inferior. Modelagem justa. Possui elástico.    <strong>Composição:</strong>  88% Poliamida  12% Elastano",https://www.folen.com.br/produto/calca-flare-sculpy-botoes-verde/,CALÇA>ROUPAS,CALÇA>ROUPAS,https://www.folen.com.br/wp-content/uploads/2019/08/FOLEN-STORE-IMAGENS-3.png,new,"in stock",238.00BRL,"238.00 BRL",0.00,com,1624
1625,"Calça Flare Sculpy c/ Botões - Verde - P","Calça Flare Sculpy, com detalhe em botões na parte inferior. Modelagem justa. Possui elástico.    <strong>Composição:</strong>  88% Poliamida  12% Elastano",https://www.folen.com.br/produto/calca-flare-sculpy-botoes-verde/?attribute_pa_tamanho=p,CALÇA>ROUPAS,CALÇA>ROUPAS,https://www.folen.com.br/wp-content/uploads/2019/08/FOLEN-STORE-IMAGENS-3.png,new,"in stock",,"238.00 BRL",0.00,com,1624
1626,"Calça Flare Sculpy c/ Botões - Verde - M","Calça Flare Sculpy, com detalhe em botões na parte inferior. Modelagem justa. Possui elástico.    <strong>Composição:</strong>  88% Poliamida  12% Elastano",https://www.folen.com.br/produto/calca-flare-sculpy-botoes-verde/?attribute_pa_tamanho=m,CALÇA>ROUPAS,CALÇA>ROUPAS,https://www.folen.com.br/wp-content/uploads/2019/08/FOLEN-STORE-IMAGENS-3.png,new,"in stock",,"238.00 BRL",0.00,com,1624
1627,"Calça Flare Sculpy c/ Botões - Verde - G","Calça Flare Sculpy, com detalhe em botões na parte inferior. Modelagem justa. Possui elástico.    <strong>Composição:</strong>  88% Poliamida  12% Elastano",https://www.folen.com.br/produto/calca-flare-sculpy-botoes-verde/?attribute_pa_tamanho=g,CALÇA>ROUPAS,CALÇA>ROUPAS,https://www.folen.com.br/wp-content/uploads/2019/08/FOLEN-STORE-IMAGENS-3.png,new,"in stock",,"238.00 BRL",0.00,com,1624
1622,"Tricô Manga Colors em Lurex - Único","Tricô Manga Colors em lurex, manga longa.    <strong>Composição:</strong>  98,34% Acrílico  1% Poliester  0,66% Poliamida",https://www.folen.com.br/produto/trico-manga-colors-em-lurex/?attribute_pa_tamanho=unico,BLUSA>ROUPAS,BLUSA>ROUPAS,https://www.folen.com.br/wp-content/uploads/2019/07/Folen_0025_Brilho_Contraste-1.png,new,"in stock",99.90BRL,"139.00 BRL",0.00,com,1621
1621,"Tricô Manga Colors em Lurex","Tricô Manga Colors em lurex, manga longa.    <strong>Composição:</strong>  98,34% Acrílico  1% Poliester  0,66% Poliamida",https://www.folen.com.br/produto/trico-manga-colors-em-lurex/,BLUSA>ROUPAS,BLUSA>ROUPAS,https://www.folen.com.br/wp-content/uploads/2019/07/Folen_0025_Brilho_Contraste-1.png,new,"in stock",99.90BRL,"139.00 BRL",0.00,com,1621
1620,"Tricô Gola e Punho Princesa - Vinho - Único","Tricô Gola e Manga Princesa, manga longa.    <strong>Composição:</strong>  100% Acrílico",https://www.folen.com.br/produto/trico-gola-e-punho-princesa-vinho/?attribute_pa_tamanho=unico,BLUSA>ROUPAS,BLUSA>ROUPAS,https://www.folen.com.br/wp-content/uploads/2019/07/Folen_0020_Tricô-gola-e-punho-princesa-1.JPG.png,new,"in stock",109.90BRL,"149.00 BRL",0.00,com,1619
1619,"Tricô Gola e Punho Princesa - Vinho","Tricô Gola e Manga Princesa, manga longa.    <strong>Composição:</strong>  100% Acrílico",https://www.folen.com.br/produto/trico-gola-e-punho-princesa-vinho/,BLUSA>ROUPAS,BLUSA>ROUPAS,https://www.folen.com.br/wp-content/uploads/2019/07/Folen_0020_Tricô-gola-e-punho-princesa-1.JPG.png,new,"in stock",109.90BRL,"149.00 BRL",0.00,com,1619
1615,"Tricô Gola - Verde","Tricô Gola manga longa.    <strong>Composição:</strong>  100% Acrílico",https://www.folen.com.br/produto/trico-gola-verde/,BLUSA>ROUPAS,BLUSA>ROUPAS,https://www.folen.com.br/wp-content/uploads/2019/07/Folen_0019_TRICÔ-GOLA-VERDE-2.JPG.png,new,"in stock",109.90BRL,"149.00 BRL",0.00,com,1615
1617,"Tricô Gola - Verde - Único","Tricô Gola manga longa.    <strong>Composição:</strong>  100% Acrílico",https://www.folen.com.br/produto/trico-gola-verde/?attribute_pa_tamanho=unico,BLUSA>ROUPAS,BLUSA>ROUPAS,https://www.folen.com.br/wp-content/uploads/2019/07/Folen_0019_TRICÔ-GOLA-VERDE-2.JPG.png,new,"in stock",109.90BRL,"149.00 BRL",0.00,com,1615
1612,"Tricô Gola - Bege","Tricô Gola manga longa.    <strong>Composição:</strong>  100% Acrílico",https://www.folen.com.br/produto/trico-gola-bege/,BLUSA>ROUPAS,BLUSA>ROUPAS,https://www.folen.com.br/wp-content/uploads/2019/07/Folen_0017_tricô-gola-bege-2.JPG.png,new,"in stock",109.90BRL,"149.00 BRL",0.00,com,1612
1613,"Tricô Gola - Bege - Único","Tricô Gola manga longa.    <strong>Composição:</strong>  100% Acrílico",https://www.folen.com.br/produto/trico-gola-bege/?attribute_pa_tamanho=unico,BLUSA>ROUPAS,BLUSA>ROUPAS,https://www.folen.com.br/wp-content/uploads/2019/07/Folen_0017_tricô-gola-bege-2.JPG.png,new,"in stock",109.90BRL,"149.00 BRL",0.00,com,1612
1610,"Tricô Colors","Tricô Colors manga longa.    <strong>Composição:</strong>  100% Algodão",https://www.folen.com.br/produto/trico-colors/,BLUSA>ROUPAS,BLUSA>ROUPAS,https://www.folen.com.br/wp-content/uploads/2019/07/tricô-COLORS-FOLEN.png,new,"in stock",88.90BRL,"119.00 BRL",0.00,com,1610
1611,"Tricô Colors - Único","Tricô Colors manga longa.    <strong>Composição:</strong>  100% Algodão",https://www.folen.com.br/produto/trico-colors/?attribute_pa_tamanho=unico,BLUSA>ROUPAS,BLUSA>ROUPAS,https://www.folen.com.br/wp-content/uploads/2019/07/tricô-COLORS-FOLEN.png,new,"in stock",88.90BRL,"119.00 BRL",0.00,com,1610
1607,"Tricô Rainbow","Tricô Rainbow manga longa.    <strong>Composição:</strong>  100% Acrílico",https://www.folen.com.br/produto/trico-rainbow/,BLUSA>ROUPAS,BLUSA>ROUPAS,https://www.folen.com.br/wp-content/uploads/2019/07/Folen_0027_TRICÔ-RAINBOW-1.JPG.png,new,"in stock",88.90BRL,"119.00 BRL",0.00,com,1607
1608,"Tricô Rainbow - Único","Tricô Rainbow manga longa.    <strong>Composição:</strong>  100% Acrílico",https://www.folen.com.br/produto/trico-rainbow/?attribute_pa_tamanho=unico,BLUSA>ROUPAS,BLUSA>ROUPAS,https://www.folen.com.br/wp-content/uploads/2019/07/Folen_0027_TRICÔ-RAINBOW-1.JPG.png,new,"in stock",88.90BRL,"119.00 BRL",0.00,com,1607
1594,"Cinto Ninho Strass - Grafite","Cinto Faixa com Strass, modelo fivela ninho.    <strong>Composição:</strong>  100% Strass  Forro:  85% PVC  15% Poliéster  Fivela:  100% Metal Zamac",https://www.folen.com.br/produto/cinto-ninho-strass-grafite/,ACESSÓRIOS>CINTO,ACESSÓRIOS>CINTO,https://www.folen.com.br/wp-content/uploads/2019/08/Cinto_Ninho_Strass-Grafitte_1.png,new,"in stock",59.90BRL,"68.00 BRL",0.00,com,1594
1596,"Cinto Ninho Strass - Grafite - Único","Cinto Faixa com Strass, modelo fivela ninho.    <strong>Composição:</strong>  100% Strass  Forro:  85% PVC  15% Poliéster  Fivela:  100% Metal Zamac",https://www.folen.com.br/produto/cinto-ninho-strass-grafite/?attribute_pa_tamanho=unico,ACESSÓRIOS>CINTO,ACESSÓRIOS>CINTO,https://www.folen.com.br/wp-content/uploads/2019/08/Cinto_Ninho_Strass-Grafitte_1.png,new,"in stock",59.90BRL,"68.00 BRL",0.00,com,1594
1588,"Cinto Strass - Preto","Cinto com Strass, com fivela.    <strong>Composição:</strong>  100% Stass  Forro:  100% Poliuretano  Fivela:  100% Metal",https://www.folen.com.br/produto/cinto-strass-preto/,ACESSÓRIOS>CINTO,ACESSÓRIOS>CINTO,https://www.folen.com.br/wp-content/uploads/2019/08/Cinto_Strass-Preto-450x563_0002_Camada-15.png,new,"in stock",69.90BRL,"80.00 BRL",0.00,com,1588
1589,"Cinto Strass - Preto - Único","Cinto com Strass, com fivela.    <strong>Composição:</strong>  100% Stass  Forro:  100% Poliuretano  Fivela:  100% Metal",https://www.folen.com.br/produto/cinto-strass-preto/?attribute_pa_tamanho=unico,ACESSÓRIOS>CINTO,ACESSÓRIOS>CINTO,https://www.folen.com.br/wp-content/uploads/2019/08/Cinto_Strass-Preto-450x563_0002_Camada-15.png,new,"in stock",69.90BRL,"80.00 BRL",0.00,com,1588
1583,"Cinto Ninho - Bege","Cinto, modelo fivela ninho.    <strong>Composição:</strong>  Forro:  100% Poliuretano  Fivela:  100% Metal",https://www.folen.com.br/produto/cinto-ninho-bege/,ACESSÓRIOS>CINTO,ACESSÓRIOS>CINTO,https://www.folen.com.br/wp-content/uploads/2019/08/cinto-ninho-bege-450x563.png,new,"in stock",59.90BRL,"68.00 BRL",0.00,com,1583
1585,"Cinto Ninho - Bege - G","Cinto, modelo fivela ninho.    <strong>Composição:</strong>  Forro:  100% Poliuretano  Fivela:  100% Metal",https://www.folen.com.br/produto/cinto-ninho-bege/?attribute_pa_tamanho=g,ACESSÓRIOS>CINTO,ACESSÓRIOS>CINTO,https://www.folen.com.br/wp-content/uploads/2019/08/cinto-ninho-bege-450x563.png,new,"in stock",59.90BRL,"68.00 BRL",0.00,com,1583
1584,"Cinto Ninho - Bege - M","Cinto, modelo fivela ninho.    <strong>Composição:</strong>  Forro:  100% Poliuretano  Fivela:  100% Metal",https://www.folen.com.br/produto/cinto-ninho-bege/?attribute_pa_tamanho=m,ACESSÓRIOS>CINTO,ACESSÓRIOS>CINTO,https://www.folen.com.br/wp-content/uploads/2019/08/cinto-ninho-bege-450x563.png,new,"in stock",59.90BRL,"68.00 BRL",0.00,com,1583
1578,"Cinto Ninho - Preto","Cinto, modelo fivela ninho.    <strong>Composição:</strong>  Forro:  100% Poliuretano  Fivela:  100% Metal",https://www.folen.com.br/produto/cinto-ninho-preto/,ACESSÓRIOS>CINTO,ACESSÓRIOS>CINTO,https://www.folen.com.br/wp-content/uploads/2019/08/cinto-ninho-preto-450x563_3.png,new,"in stock",59.90BRL,"68.00 BRL",0.00,com,1578
1579,"Cinto Ninho - Preto - M","Cinto, modelo fivela ninho.    <strong>Composição:</strong>  Forro:  100% Poliuretano  Fivela:  100% Metal",https://www.folen.com.br/produto/cinto-ninho-preto/?attribute_pa_tamanho=m,ACESSÓRIOS>CINTO,ACESSÓRIOS>CINTO,https://www.folen.com.br/wp-content/uploads/2019/08/cinto-ninho-preto-450x563_3.png,new,"in stock",59.90BRL,"68.00 BRL",0.00,com,1578
1580,"Cinto Ninho - Preto - G","Cinto, modelo fivela ninho.    <strong>Composição:</strong>  Forro:  100% Poliuretano  Fivela:  100% Metal",https://www.folen.com.br/produto/cinto-ninho-preto/?attribute_pa_tamanho=g,ACESSÓRIOS>CINTO,ACESSÓRIOS>CINTO,https://www.folen.com.br/wp-content/uploads/2019/08/cinto-ninho-preto-450x563_3.png,new,"in stock",59.90BRL,"68.00 BRL",0.00,com,1578
1570,"Cinto 2 Fivelas - Preto","Cinto 2 Fivelas.    <strong>Composição:</strong>  100% Sintético  Forro:  100% Poliuretano  Fivela:  100% Metal",https://www.folen.com.br/produto/cinto-2-fivelas-preto/,ACESSÓRIOS>CINTO,ACESSÓRIOS>CINTO,https://www.folen.com.br/wp-content/uploads/2019/08/Cinto_2_Fivelas-Preto_2.png,new,"in stock",39.90BRL,"45.00 BRL",0.00,com,1570
1572,"Cinto 2 Fivelas - Preto - G","Cinto 2 Fivelas.    <strong>Composição:</strong>  100% Sintético  Forro:  100% Poliuretano  Fivela:  100% Metal",https://www.folen.com.br/produto/cinto-2-fivelas-preto/?attribute_pa_tamanho=g,ACESSÓRIOS>CINTO,ACESSÓRIOS>CINTO,https://www.folen.com.br/wp-content/uploads/2019/08/Cinto_2_Fivelas-Preto_2.png,new,"in stock",39.90BRL,"45.00 BRL",0.00,com,1570
